sequence,chem_comp_ID,X_shift,Y_shift,X_atom_name,Y_atom_name,,H_Hz,N_Hz,Effective
1,VAL,7.82,119.41,H,N,,5865,8955.75,7247.446016
2,SER,9.4,120.06,H,N,,7050,9004.5,7967.541967
3,GLN,8.82,121.44,H,N,,6615,9108,7762.049987
4,LEU,8.16,121.26,H,N,,6120,9094.5,7460.451729
5,PHE,7.86,120.13,H,N,,5895,9009.75,7287.830696
6,GLU,7.69,118.07,H,N,,5767.5,8855.25,7146.513442
7,GLU,8.53,121.12,H,N,,6397.5,9084,7623.312272
8,LYS,8.54,122.76,H,N,,6405,9207,7679.247033
9,ALA,8.53,122.75,H,N,,6397.5,9206.25,7674.437072
10,LYS,7.56,118.35,H,N,,5670,8876.25,7094.246789
11,ALA,8.02,122.35,H,N,,6015,9176.25,7429.343427
12,VAL,8.16,118.59,H,N,,6120,8894.25,7377.859446
13,ASN,7.22,118.21,H,N,,5415,8865.75,6928.783172
14,GLU,7.5,117.71,H,N,,5625,8828.25,7046.907566
15,LEU,7.01,122.38,H,N,,5257.5,9178.5,6946.651262
17,THR,6.76,114.48,H,N,,5070,8586,6597.80418
18,LYS,7.91,124.31,H,N,,5932.5,9323.25,7437.081459
20,SER,8.48,115.54,H,N,,6360,8665.5,7423.784749
21,THR,8.76,117.19,H,N,,6570,8789.25,7599.037604
22,ASP,8.28,118.41,H,N,,6210,8880.75,7426.268074
23,GLU,7.53,122.19,H,N,,5647.5,9164.25,7194.101881
24,LEU,8.76,119.32,H,N,,6570,8949,7667.785208
25,LEU,8.45,122.25,H,N,,6337.5,9168.75,7622.791688
26,GLU,7.54,120.63,H,N,,5655,9047.25,7152.775598
27,LEU,8.37,119.91,H,N,,6277.5,8993.25,7513.66268
28,TYR,8.37,119.89,H,N,,6277.5,8991.75,7513.036046
29,ALA,8.33,121.25,H,N,,6247.5,9093.75,7537.453358
30,LEU,8.12,117.41,H,N,,6090,8805.75,7323.047009
31,TYR,8.85,121.22,H,N,,6637.5,9091.5,7768.193564
32,LYS,8.19,121.35,H,N,,6142.5,9101.25,7476.926382
33,GLN,8.47,122.83,H,N,,6352.5,9212.25,7649.890073
34,ALA,8.18,116.28,H,N,,6135,8721,7314.597392
35,THR,7.44,106.59,H,N,,5580,7994.25,6678.915705
36,VAL,8.68,121.54,H,N,,6510,9115.5,7703.369717
37,GLY,7.81,112.36,H,N,,5857.5,8427,7025.749248
38,ASP,8.21,119.94,H,N,,6157.5,8995.5,7442.43181
39,ASN,8.38,121.09,H,N,,6285,9081.75,7555.051208
40,ASP,7.64,127.5,H,N,,5730,9562.5,7402.237837
41,LYS,7.79,120.62,H,N,,5842.5,9046.5,7270.087775
42,GLU,8.81,124.71,H,N,,6607.5,9353.25,7861.399327
43,LYS,8.25,125.86,H,N,,6187.5,9439.5,7642.441119
45,GLY,8.37,108.13,H,N,,6277.5,8109.75,7135.0512
46,ILE,7.89,117.41,H,N,,5917.5,8805.75,7218.588894
47,PHE,7.86,120.1,H,N,,5895,9007.5,7286.920646
48,ASN,7.83,120.5,H,N,,5872.5,9037.5,7285.102522
49,MET,8.28,121.32,H,N,,6210,9099,7516.966808
50,LYS,8.46,119.5,H,N,,6345,8962.5,7541.025295
51,ASP,7.83,118.17,H,N,,5872.5,8862.75,7214.325982
52,ARG,8.16,122.75,H,N,,6120,9206.25,7506.147481
53,TYR,8.3,119.69,H,N,,6225,8976.75,7475.310612
54,LYS,8.15,122.36,H,N,,6112.5,9177,7489.620317
55,TRP,8.25,120.41,H,N,,6187.5,9030.75,7475.143184
56,GLU,8.94,118.71,H,N,,6705,8903.25,7726.337506
57,ALA,8.18,122.65,H,N,,6135,9198.75,7512.278699
58,TRP,8.25,120.13,H,N,,6187.5,9009.75,7466.446821
59,GLU,9.31,125.13,H,N,,6982.5,9384.75,8094.999498
60,ASN,7.78,115.65,H,N,,5835,8673.75,7114.164129
61,LEU,7.79,118.29,H,N,,5842.5,8871.75,7199.527719
62,LYS,7.2,121.66,H,N,,5400,9124.5,7019.423053
63,GLY,9.86,117.86,H,N,,7395,8839.5,8085.054267
64,LYS,8.48,125.58,H,N,,6360,9418.5,7739.61627
65,SER,9.72,127.81,H,N,,7290,9585.75,8359.432846
66,GLN,9.09,123.34,H,N,,6817.5,9250.5,7941.365358
67,GLU,8.76,118.8,H,N,,6570,8910,7651.05875
68,ASP,8,122.48,H,N,,6000,9186,7424.015086
69,ALA,8.47,122.29,H,N,,6352.5,9171.75,7633.055867
70,GLU,8.44,119.15,H,N,,6330,8936.25,7521.06791
71,LYS,7.69,118.55,H,N,,5767.5,8891.25,7161.025372
72,GLU,8.66,121.49,H,N,,6495,9111.75,7692.906879
73,TYR,9.2,124.89,H,N,,6900,9366.75,8039.314336
74,ILE,8.2,119.78,H,N,,6150,8983.5,7432.935154
75,ALA,7.73,118.87,H,N,,5797.5,8915.25,7189.308859
76,LEU,8.13,122.38,H,N,,6097.5,9178.5,7481.036275
77,VAL,8.6,121.09,H,N,,6450,9081.75,7653.580045
78,ASP,8.27,119.14,H,N,,6202.5,8935.5,7444.624823
79,GLN,8,122.63,H,N,,6000,9197.25,7428.559753
80,LEU,8.76,123.04,H,N,,6570,9228,7786.395829
81,ILE,9.32,121.99,H,N,,6990,9149.25,7997.07806
82,ALA,7.54,121.84,H,N,,5655,9138,7188.559661
83,LYS,7.85,118.86,H,N,,5887.5,8914.5,7244.59238
84,TYR,8.28,115.65,H,N,,6210,8673.75,7339.208915
85,SER,7.84,115.92,H,N,,5880,8694,7149.875523
86,SER,7.93,123.25,H,N,,5947.5,9243.75,7414.661363
