sequence,chem_comp_ID,X_shift,Y_shift,X_atom_name,Y_atom_name
2,ALA,7.845,120.286,H,N
3,ALA,8.572,123.319,H,N
4,LEU,7.843,121.006,H,N
5,THR,8.686,113.907,H,N
6,ASP,8.94,122.127,H,N
7,GLU,8.541,118.339,H,N
8,GLN,7.699,120.299,H,N
9,ILE,8.048,122.198,H,N
10,ARG,8.314,121.342,H,N
11,GLU,8.363,118.765,H,N
12,ALA,7.784,121.121,H,N
13,PHE,7.952,116.714,H,N
14,ASN,8.662,114.46,H,N
15,LEU,7.8,120.723,H,N
16,PHE,7.025,114.113,H,N
17,ASP,7.234,120.701,H,N
18,ALA,7.798,126.609,H,N
19,ASP,8.399,113.714,H,N
20,GLY,7.799,110.664,H,N
21,SER,8.86,117.925,H,N
22,GLY,8.551,111.109,H,N
23,ALA,7.776,122.805,H,N
24,ILE,8.744,114.095,H,N
25,ASP,8.899,120.57,H,N
26,ALA,8.284,118.823,H,N
27,GLU,7.915,118.056,H,N
28,GLU,8.643,122.161,H,N
29,MET,8.802,118.928,H,N
30,ALA,8.049,121.918,H,N
31,LEU,7.607,120.836,H,N
32,ALA,8.305,125.315,H,N
33,MET,8.491,114.912,H,N
34,LYS,8.01,123.042,H,N
35,GLY,8.23,109.147,H,N
36,LEU,7.593,119.319,H,N
37,GLY,7.609,104.307,H,N
38,PHE,7.897,116.702,H,N
39,GLY,8.59,108.547,H,N
40,ASP,8.241,118.687,H,N
41,LEU,8.169,126.448,H,N
43,ARG,8.901,123.409,H,N
44,ASP,8.908,116.177,H,N
45,GLU,7.304,121.601,H,N
46,VAL,8.129,124.21,H,N
47,GLU,8.216,118.593,H,N
48,ARG,7.869,118.244,H,N
49,THR,8.084,117.327,H,N
50,VAL,8.511,122.928,H,N
51,ARG,7.881,118.012,H,N
52,SER,7.471,112.964,H,N
53,MET,7.633,122.032,H,N
54,ASN,8.758,119.71,H,N
55,THR,8.032,113.07,H,N
56,ASN,9.053,119.293,H,N
57,ALA,8.5,120.868,H,N
58,ASN,7.731,113.603,H,N
59,GLY,8.38,108.563,H,N
60,LEU,7.58,119.39,H,N
61,ILE,9.416,120.795,H,N
62,GLU,8.892,125.428,H,N
63,TYR,8.587,120.5,H,N
64,GLY,8.876,104.445,H,N
65,GLU,7.157,120.171,H,N
66,PHE,7.809,121.922,H,N
67,GLU,8.946,118.889,H,N
68,ARG,7.484,117.629,H,N
69,MET,7.801,121.082,H,N
70,VAL,8.42,121.79,H,N
71,LYS,8.393,117.98,H,N
72,SER,7.407,114.024,H,N
73,ARG,7.992,122.123,H,N
74,MET,8.244,118.124,H,N
75,ALA,7.699,121.889,H,N
76,GLN,7.835,117.882,H,N
77,LYS,8.061,120.943,H,N
78,ASP,8.16,119.226,H,N
79,SER,8.081,116.752,H,N
81,GLU,8.479,120.385,H,N
82,GLU,8.212,121.767,H,N
83,VAL,8.107,121.793,H,N
84,LEU,8.24,125.707,H,N
85,LYS,8.173,122.738,H,N
86,ALA,8.168,125.928,H,N
87,PHE,7.588,123.709,H,N
88,GLN,8.049,119.32,H,N
89,LEU,7.761,119.414,H,N
90,PHE,7.31,114.399,H,N
91,ASP,8.359,118.872,H,N
92,LEU,7.911,123.109,H,N
93,ASP,8.665,116.952,H,N
94,LYS,7.948,120.057,H,N
95,LYS,8.126,119.252,H,N
96,GLY,8.34,109.468,H,N
97,LYS,8.055,119.299,H,N
98,ILE,8.937,118.254,H,N
99,SER,8.505,117.374,H,N
100,PHE,8.654,122.67,H,N
101,ALA,8.561,120.155,H,N
102,ASN,7.803,115.147,H,N
103,LEU,8.183,122.995,H,N
104,LYS,8.016,117.379,H,N
105,GLU,7.22,117.563,H,N
106,VAL,7.954,120.741,H,N
107,ALA,8.28,120.907,H,N
108,LYS,7.605,116.787,H,N
109,LEU,7.893,121.714,H,N
110,LEU,7.684,117.53,H,N
111,GLY,7.92,107.233,H,N
112,GLU,8.125,119.092,H,N
113,ASN,8.694,118.184,H,N
115,GLY,8.312,108.306,H,N
116,ASP,8.431,121.568,H,N
117,ASP,8.702,119.249,H,N
118,VAL,7.776,121.506,H,N
119,LEU,7.845,119.838,H,N
120,GLN,8.181,116.762,H,N
121,GLU,7.773,119.093,H,N
122,MET,7.898,120.44,H,N
123,ILE,7.914,118.325,H,N
124,ALA,7.903,123.158,H,N
125,GLU,7.813,116.633,H,N
126,ALA,7.684,122.403,H,N
127,ASP,8.166,119.036,H,N
128,GLU,8.349,122.416,H,N
129,ASP,8.402,118.863,H,N
130,GLY,8.075,108.905,H,N
131,ASP,8.377,119.811,H,N
132,GLY,8.936,109.867,H,N
133,GLU,8.341,116.171,H,N
134,VAL,8.246,119.124,H,N
135,SER,8.991,120.825,H,N
136,PHE,8.598,121.644,H,N
137,GLU,8.703,117.445,H,N
138,GLU,7.87,119.596,H,N
139,PHE,8.749,121.311,H,N
140,LYS,8.335,119.203,H,N
141,SER,7.908,115.26,H,N
142,VAL,8.133,123.321,H,N
143,MET,8.13,117.847,H,N
144,MET,8.304,121.918,H,N
145,GLN,8.002,119.733,H,N
146,MET,8.256,118.995,H,N
147,ARG,7.916,117.966,H,N
148,GLY,7.954,107.007,H,N
149,LYS,7.827,120.026,H,N
